{"cameraMode":{"drawMode":0,"name":"Shaded","section":"Shading Mode"},"sceneLighting":true,"audioPlay":false,"sceneViewState":{"showFog":false,"showMaterialUpdate":false,"showSkybox":false,"showFlares":false,"showImageEffects":false,"showParticleSystems":false},"in2DMode":false,"pivot":{"x":19.29063606262207,"y":-3.401308059692383,"z":19.886219024658204},"rotation":{"x":-0.17769616842269898,"y":-0.27271145582199099,"z":0.051229532808065417,"w":-0.944154679775238},"size":66.89484405517578,"orthographic":false}