{"cameraMode":{"drawMode":0,"name":"Shaded","section":"Shading Mode"},"sceneLighting":false,"audioPlay":false,"sceneViewState":{"showFog":false,"showMaterialUpdate":false,"showSkybox":false,"showFlares":false,"showImageEffects":false,"showParticleSystems":false},"in2DMode":false,"pivot":{"x":9.656829833984375,"y":-0.694820761680603,"z":-11.028215408325196},"rotation":{"x":-0.3003482222557068,"y":-0.2335708737373352,"z":0.07601695507764816,"w":-0.9216600060462952},"size":5.715770244598389,"orthographic":false}