{"cameraMode":{"drawMode":0,"name":"Shaded","section":"Shading Mode"},"sceneLighting":false,"audioPlay":false,"sceneViewState":{"showFog":false,"showMaterialUpdate":false,"showSkybox":false,"showFlares":false,"showImageEffects":false,"showParticleSystems":false},"in2DMode":false,"pivot":{"x":14.84640884399414,"y":0.8051794171333313,"z":-11.184517860412598},"rotation":{"x":-0.1995573490858078,"y":0.7711063623428345,"z":-0.2903015613555908,"w":-0.5303743481636047},"size":10.693224906921387,"orthographic":false}