{"cameraMode":{"drawMode":0,"name":"Shaded","section":"Shading Mode"},"sceneLighting":false,"audioPlay":false,"sceneViewState":{"showFog":false,"showMaterialUpdate":false,"showSkybox":false,"showFlares":false,"showImageEffects":false,"showParticleSystems":false},"in2DMode":false,"pivot":{"x":18.47229766845703,"y":3.402834892272949,"z":-3.9868674278259279},"rotation":{"x":-0.25613361597061159,"y":0.37519219517707827,"z":-0.10878671705722809,"w":-0.8841899633407593},"size":10.693224906921387,"orthographic":false}