{"cameraMode":{"drawMode":0,"name":"Shaded","section":"Shading Mode"},"sceneLighting":false,"audioPlay":false,"sceneViewState":{"showFog":false,"showMaterialUpdate":false,"showSkybox":false,"showFlares":false,"showImageEffects":false,"showParticleSystems":false},"in2DMode":false,"pivot":{"x":15.673165321350098,"y":-0.19482123851776124,"z":-24.293825149536134},"rotation":{"x":-0.19218534231185914,"y":-0.6978163123130798,"z":0.20324428379535676,"w":-0.6594005227088928},"size":6.174193382263184,"orthographic":false}