{"cameraMode":{"drawMode":0,"name":"Shaded","section":"Shading Mode"},"sceneLighting":false,"audioPlay":false,"sceneViewState":{"showFog":false,"showMaterialUpdate":false,"showSkybox":false,"showFlares":false,"showImageEffects":false,"showParticleSystems":false},"in2DMode":false,"pivot":{"x":16.09744644165039,"y":-0.19482076168060304,"z":-19.21453094482422},"rotation":{"x":-0.19218534231185914,"y":-0.6978163123130798,"z":0.20324428379535676,"w":-0.6594005227088928},"size":8.413951873779297,"orthographic":false}