{"cameraMode":{"drawMode":0,"name":"Shaded","section":"Shading Mode"},"sceneLighting":false,"audioPlay":false,"sceneViewState":{"showFog":false,"showMaterialUpdate":false,"showSkybox":false,"showFlares":false,"showImageEffects":false,"showParticleSystems":false},"in2DMode":false,"pivot":{"x":4.172325134277344e-7,"y":1.000000238418579,"z":0.49999991059303286},"rotation":{"x":-0.03431888297200203,"y":0.9649595618247986,"z":-0.16530579328536988,"w":-0.20087136328220368},"size":4.950002670288086,"orthographic":false}