{"cameraMode":{"drawMode":0,"name":"Shaded","section":"Shading Mode"},"sceneLighting":false,"audioPlay":false,"sceneViewState":{"showFog":false,"showMaterialUpdate":false,"showSkybox":false,"showFlares":false,"showImageEffects":false,"showParticleSystems":false},"in2DMode":false,"pivot":{"x":-0.9999997615814209,"y":1.0000004768371583,"z":-5.960464477539063e-8},"rotation":{"x":-0.30815649032592776,"y":-0.0988900437951088,"z":0.032132185995578769,"w":-0.9456362724304199},"size":8.083319664001465,"orthographic":false}