{"cameraMode":{"drawMode":0,"name":"Shaded","section":"Shading Mode"},"sceneLighting":false,"audioPlay":false,"sceneViewState":{"showFog":false,"showMaterialUpdate":false,"showSkybox":false,"showFlares":false,"showImageEffects":false,"showParticleSystems":false},"in2DMode":false,"pivot":{"x":-1.7191619873046876,"y":6.7337870597839359,"z":-8.437816619873047},"rotation":{"x":-0.25446903705596926,"y":-0.16077619791030885,"z":0.042853083461523059,"w":-0.952659547328949},"size":6.643923759460449,"orthographic":false}