{"cameraMode":{"drawMode":0,"name":"Shaded","section":"Shading Mode"},"sceneLighting":false,"audioPlay":false,"sceneViewState":{"showFog":false,"showMaterialUpdate":false,"showSkybox":false,"showFlares":false,"showImageEffects":false,"showParticleSystems":false},"in2DMode":false,"pivot":{"x":8.660024642944336,"y":0.8051794171333313,"z":-12.08666706085205},"rotation":{"x":-0.4822159707546234,"y":-0.04788955673575401,"z":0.02631017193198204,"w":-0.8743467330932617},"size":9.037425994873047,"orthographic":false}