{"cameraMode":{"drawMode":0,"name":"Shaded","section":"Shading Mode"},"sceneLighting":false,"audioPlay":false,"sceneViewState":{"showFog":false,"showMaterialUpdate":false,"showSkybox":false,"showFlares":false,"showImageEffects":false,"showParticleSystems":false},"in2DMode":false,"pivot":{"x":-0.9037871360778809,"y":4.496757507324219,"z":1.4226245880126954},"rotation":{"x":-0.15891620516777039,"y":0.39151185750961306,"z":-0.06894080340862274,"w":-0.9037208557128906},"size":8.75971794128418,"orthographic":false}