{"cameraMode":{"drawMode":0,"name":"Shaded","section":"Shading Mode"},"sceneLighting":false,"audioPlay":false,"sceneViewState":{"showFog":false,"showMaterialUpdate":false,"showSkybox":false,"showFlares":false,"showImageEffects":false,"showParticleSystems":false},"in2DMode":false,"pivot":{"x":13.130270004272461,"y":1.186734676361084,"z":-9.504443168640137},"rotation":{"x":-0.36209535598754885,"y":-0.16164052486419679,"z":0.06381384283304215,"w":-0.9157986640930176},"size":9.761534690856934,"orthographic":false}