{"cameraMode":{"drawMode":0,"name":"Shaded","section":"Shading Mode"},"sceneLighting":false,"audioPlay":false,"sceneViewState":{"showFog":false,"showMaterialUpdate":false,"showSkybox":false,"showFlares":false,"showImageEffects":false,"showParticleSystems":false},"in2DMode":false,"pivot":{"x":4.5400309562683109,"y":-0.19482100009918214,"z":36.931095123291019},"rotation":{"x":-0.07643339037895203,"y":-0.7200775146484375,"z":0.0802202969789505,"w":-0.6849897503852844},"size":6.443463325500488,"orthographic":false}