{"cameraMode":{"drawMode":0,"name":"Shaded","section":"Shading Mode"},"sceneLighting":false,"audioPlay":false,"sceneViewState":{"showFog":false,"showMaterialUpdate":false,"showSkybox":false,"showFlares":false,"showImageEffects":false,"showParticleSystems":false},"in2DMode":false,"pivot":{"x":3.807135581970215,"y":-0.1948210597038269,"z":37.6942024230957},"rotation":{"x":-0.07643339037895203,"y":-0.7200775146484375,"z":0.0802202969789505,"w":-0.6849897503852844},"size":7.650736331939697,"orthographic":false}