{"cameraMode":{"drawMode":0,"name":"Shaded","section":"Shading Mode"},"sceneLighting":false,"audioPlay":false,"sceneViewState":{"showFog":false,"showMaterialUpdate":false,"showSkybox":false,"showFlares":false,"showImageEffects":false,"showParticleSystems":false},"in2DMode":false,"pivot":{"x":3.5858154296875,"y":-1.2697820663452149,"z":-6.791274070739746},"rotation":{"x":0.03909880667924881,"y":0.9567163586616516,"z":-0.24479804933071137,"w":0.15244373679161073},"size":14.706748008728028,"orthographic":false}