{"cameraMode":{"drawMode":0,"name":"Shaded","section":"Shading Mode"},"sceneLighting":true,"audioPlay":false,"sceneViewState":{"showFog":false,"showMaterialUpdate":false,"showSkybox":false,"showFlares":false,"showImageEffects":false,"showParticleSystems":false},"in2DMode":false,"pivot":{"x":148.78268432617188,"y":-76.12504577636719,"z":82.80973815917969},"rotation":{"x":0.1633101850748062,"y":0.4984670579433441,"z":-0.09612227231264115,"w":0.845943808555603},"size":322.4781188964844,"orthographic":false}