{"cameraMode":{"drawMode":0,"name":"Shaded","section":"Shading Mode"},"sceneLighting":false,"audioPlay":false,"sceneViewState":{"showFog":false,"showMaterialUpdate":false,"showSkybox":false,"showFlares":false,"showImageEffects":false,"showParticleSystems":false},"in2DMode":false,"pivot":{"x":15.673165321350098,"y":-0.19482123851776124,"z":-24.293825149536134},"rotation":{"x":0.08020596951246262,"y":0.4224798083305359,"z":-0.037467822432518008,"w":0.9020388126373291},"size":6.174193382263184,"orthographic":false}