{"cameraMode":{"drawMode":0,"name":"Shaded","section":"Shading Mode"},"sceneLighting":false,"audioPlay":false,"sceneViewState":{"showFog":false,"showMaterialUpdate":false,"showSkybox":false,"showFlares":false,"showImageEffects":false,"showParticleSystems":false},"in2DMode":false,"pivot":{"x":10.946781158447266,"y":0.4975261688232422,"z":-9.114501953125},"rotation":{"x":-0.4306092858314514,"y":0.40743958950042727,"z":-0.2271939218044281,"w":-0.7726263999938965},"size":19.169099807739259,"orthographic":false}