{"cameraMode":{"drawMode":0,"name":"Shaded","section":"Shading Mode"},"sceneLighting":false,"audioPlay":false,"sceneViewState":{"showFog":false,"showMaterialUpdate":false,"showSkybox":false,"showFlares":false,"showImageEffects":false,"showParticleSystems":false},"in2DMode":false,"pivot":{"x":14.810705184936524,"y":0.8051795363426209,"z":-12.779511451721192},"rotation":{"x":0.20257648825645448,"y":0.017408035695552827,"z":-0.003512398572638631,"w":0.9791054129600525},"size":10.171286582946778,"orthographic":false}