{"cameraMode":{"drawMode":0,"name":"Shaded","section":"Shading Mode"},"sceneLighting":false,"audioPlay":false,"sceneViewState":{"showFog":false,"showMaterialUpdate":false,"showSkybox":false,"showFlares":false,"showImageEffects":false,"showParticleSystems":false},"in2DMode":false,"pivot":{"x":-2.1159067153930666,"y":4.098050594329834,"z":36.33867645263672},"rotation":{"x":0.1699289083480835,"y":0.05591822415590286,"z":-0.009569155052304268,"w":0.9838220477104187},"size":35.392417907714847,"orthographic":false}