{"cameraMode":{"drawMode":0,"name":"Shaded","section":"Shading Mode"},"sceneLighting":false,"audioPlay":false,"sceneViewState":{"showFog":false,"showMaterialUpdate":false,"showSkybox":false,"showFlares":false,"showImageEffects":false,"showParticleSystems":false},"in2DMode":false,"pivot":{"x":9.622659683227539,"y":-0.6948206424713135,"z":-11.768365859985352},"rotation":{"x":-0.4159905016422272,"y":0.20245741307735444,"z":-0.09565610438585282,"w":-0.8813698887825012},"size":9.900004386901856,"orthographic":false}