{"cameraMode":{"drawMode":0,"name":"Shaded","section":"Shading Mode"},"sceneLighting":false,"audioPlay":false,"sceneViewState":{"showFog":false,"showMaterialUpdate":false,"showSkybox":false,"showFlares":false,"showImageEffects":false,"showParticleSystems":false},"in2DMode":false,"pivot":{"x":-0.6793094873428345,"y":3.7910542488098146,"z":-5.498476028442383},"rotation":{"x":-0.30815649032592776,"y":-0.0988900437951088,"z":0.032132185995578769,"w":-0.9456362724304199},"size":10.739980697631836,"orthographic":false}