{"cameraMode":{"drawMode":0,"name":"Shaded","section":"Shading Mode"},"sceneLighting":false,"audioPlay":false,"sceneViewState":{"showFog":false,"showMaterialUpdate":false,"showSkybox":false,"showFlares":false,"showImageEffects":false,"showParticleSystems":false},"in2DMode":false,"pivot":{"x":-17.0,"y":3.8052000999450685,"z":3.828399896621704},"rotation":{"x":-0.30815649032592776,"y":-0.0988900437951088,"z":0.032132185995578769,"w":-0.9456362724304199},"size":16.664182662963868,"orthographic":false}