{"cameraMode":{"drawMode":0,"name":"Shaded","section":"Shading Mode"},"sceneLighting":false,"audioPlay":false,"sceneViewState":{"showFog":false,"showMaterialUpdate":false,"showSkybox":false,"showFlares":false,"showImageEffects":false,"showParticleSystems":false},"in2DMode":false,"pivot":{"x":0.0,"y":1.5000004768371583,"z":-0.4999997615814209},"rotation":{"x":0.017160307615995408,"y":0.329385906457901,"z":-0.005893041845411062,"w":0.9440211057662964},"size":7.192187309265137,"orthographic":false}