{"cameraMode":{"drawMode":0,"name":"Shaded","section":"Shading Mode"},"sceneLighting":false,"audioPlay":false,"sceneViewState":{"showFog":false,"showMaterialUpdate":false,"showSkybox":false,"showFlares":false,"showImageEffects":false,"showParticleSystems":false},"in2DMode":false,"pivot":{"x":1.8708717823028565,"y":2.4108922481536867,"z":0.7339029312133789},"rotation":{"x":-0.03005005046725273,"y":-0.9700334072113037,"z":0.17202724516391755,"w":-0.16893444955348969},"size":7.526731014251709,"orthographic":false}