{"cameraMode":{"drawMode":0,"name":"Shaded","section":"Shading Mode"},"sceneLighting":false,"audioPlay":false,"sceneViewState":{"showFog":false,"showMaterialUpdate":false,"showSkybox":false,"showFlares":false,"showImageEffects":false,"showParticleSystems":false},"in2DMode":false,"pivot":{"x":-0.009684085845947266,"y":4.091890335083008,"z":-0.0051763057708740238},"rotation":{"x":0.060488052666187289,"y":-0.9250893592834473,"z":0.1669653356075287,"w":0.335668683052063},"size":11.037315368652344,"orthographic":false}