{"cameraMode":{"drawMode":0,"name":"Shaded","section":"Shading Mode"},"sceneLighting":false,"audioPlay":false,"sceneViewState":{"showFog":false,"showMaterialUpdate":false,"showSkybox":false,"showFlares":false,"showImageEffects":false,"showParticleSystems":false},"in2DMode":false,"pivot":{"x":1.0720759630203248,"y":3.416842460632324,"z":0.3116626739501953},"rotation":{"x":-0.3116835653781891,"y":-0.0760931745171547,"z":0.024956559762358667,"w":-0.9468053579330444},"size":10.171285629272461,"orthographic":false}