{"cameraMode":{"drawMode":0,"name":"Shaded","section":"Shading Mode"},"sceneLighting":false,"audioPlay":false,"sceneViewState":{"showFog":false,"showMaterialUpdate":false,"showSkybox":false,"showFlares":false,"showImageEffects":false,"showParticleSystems":false},"in2DMode":false,"pivot":{"x":0.19567584991455079,"y":0.02683258056640625,"z":-0.6129264831542969},"rotation":{"x":-0.10828351974487305,"y":-0.5891188383102417,"z":0.0799533873796463,"w":-0.7967566251754761},"size":6.852963924407959,"orthographic":false}