{"cameraMode":{"drawMode":0,"name":"Shaded","section":"Shading Mode"},"sceneLighting":false,"audioPlay":false,"sceneViewState":{"showFog":false,"showMaterialUpdate":false,"showSkybox":false,"showFlares":false,"showImageEffects":false,"showParticleSystems":false},"in2DMode":false,"pivot":{"x":16.884714126586915,"y":-1.1948206424713135,"z":-11.786784172058106},"rotation":{"x":-0.30815649032592776,"y":-0.0988900437951088,"z":0.032132185995578769,"w":-0.9456362724304199},"size":9.478531837463379,"orthographic":false}