{"cameraMode":{"drawMode":0,"name":"Shaded","section":"Shading Mode"},"sceneLighting":false,"audioPlay":false,"sceneViewState":{"showFog":false,"showMaterialUpdate":false,"showSkybox":false,"showFlares":false,"showImageEffects":false,"showParticleSystems":false},"in2DMode":false,"pivot":{"x":-0.31744956970214846,"y":-0.29669857025146487,"z":-1.9231288433074952},"rotation":{"x":-0.1575450599193573,"y":-0.8034818172454834,"z":0.24325159192085267,"w":-0.5200242400169373},"size":8.834150314331055,"orthographic":false}