{"cameraMode":{"drawMode":0,"name":"Shaded","section":"Shading Mode"},"sceneLighting":false,"audioPlay":false,"sceneViewState":{"showFog":false,"showMaterialUpdate":false,"showSkybox":false,"showFlares":false,"showImageEffects":false,"showParticleSystems":false},"in2DMode":false,"pivot":{"x":0.022150635719299318,"y":0.4795408546924591,"z":-21.41866111755371},"rotation":{"x":0.060488052666187289,"y":-0.9250893592834473,"z":0.1669653356075287,"w":0.335668683052063},"size":8.18626880645752,"orthographic":false}