{"cameraMode":{"drawMode":0,"name":"Shaded","section":"Shading Mode"},"sceneLighting":false,"audioPlay":false,"sceneViewState":{"showFog":false,"showMaterialUpdate":false,"showSkybox":false,"showFlares":false,"showImageEffects":false,"showParticleSystems":false},"in2DMode":false,"pivot":{"x":0.0,"y":0.25000008940696719,"z":-0.050000011920928958},"rotation":{"x":0.24586300551891328,"y":0.4334714412689209,"z":-0.12410333752632141,"w":0.8580514192581177},"size":6.815120697021484,"orthographic":false}