{"cameraMode":{"drawMode":0,"name":"Shaded","section":"Shading Mode"},"sceneLighting":false,"audioPlay":false,"sceneViewState":{"showFog":false,"showMaterialUpdate":false,"showSkybox":false,"showFlares":false,"showImageEffects":false,"showParticleSystems":false},"in2DMode":false,"pivot":{"x":10.234224319458008,"y":-0.694820761680603,"z":-11.73746109008789},"rotation":{"x":-0.30815649032592776,"y":-0.0988900437951088,"z":0.032132185995578769,"w":-0.9456362724304199},"size":7.739187240600586,"orthographic":false}